{
  "version": 1,
  "image": "06-film-still-56.jpg",
  "width": 843,
  "height": 603,
  "aspect": 1.398,
  "tonal": {
    "mean": 0.5200714960771701,
    "std": 0.22784933494975448,
    "p05": 0.1568627450980392,
    "p95": 0.8392156862745098,
    "edge_density": 0.018869669052916517
  },
  "palette": [
    "#cccccc",
    "#a6a6a6",
    "#525252",
    "#808080",
    "#2b2b2b"
  ],
  "lines": [
    {
      "x1": 0.3582443653618031,
      "y1": 0.5986733001658375,
      "x2": 0.37247924080664296,
      "y2": 0.4444444444444444,
      "angle_deg": -82.64762064010765,
      "length": 0.09047200984062306,
      "class": "vertical"
    },
    {
      "x1": 0.7627520759193357,
      "y1": 0.23548922056384744,
      "x2": 0.797153024911032,
      "y2": 0.34328358208955223,
      "angle_deg": 65.95577673063218,
      "length": 0.06867177839045133,
      "class": "diagonal"
    },
    {
      "x1": 0.2823250296559905,
      "y1": 0.9651741293532339,
      "x2": 0.302491103202847,
      "y2": 0.8590381426202321,
      "angle_deg": -75.1243179983612,
      "length": 0.06388964876174386,
      "class": "diagonal"
    }
  ],
  "horizon": {
    "y": 0.7993366500829188,
    "angle_deg": 0.0,
    "confidence": 0.9454812575475631,
    "method": "gradient"
  },
  "vanishing_point": null,
  "saliency": {
    "peak": [
      0.28944246737841045,
      0.8325041459369817
    ],
    "regions": [
      {
        "cx": 0.2997878855382589,
        "cy": 0.8393661622336899,
        "x": 0.23013048635824437,
        "y": 0.6733001658374793,
        "w": 0.15895610913404506,
        "h": 0.32669983416252074,
        "area_frac": 0.028095977211609016
      },
      {
        "cx": 0.44288237576191647,
        "cy": 0.5364640372560676,
        "x": 0.4092526690391459,
        "y": 0.4892205638474295,
        "w": 0.06761565836298933,
        "h": 0.0945273631840796,
        "area_frac": 0.005004632826378192
      }
    ]
  },
  "faces": [],
  "symmetry": {
    "vertical": 0.6604699556209915,
    "vertical_axis_x": 0.625,
    "horizontal": 0.7336849177326085,
    "horizontal_axis_y": 0.45
  },
  "subject_anchor": {
    "x": 0.28944246737841045,
    "y": 0.8325041459369817,
    "source": "saliency"
  },
  "grids": {
    "thirds": 0.17453968064230627,
    "phi": 0.015881001500057605,
    "best": "thirds"
  },
  "suggested_primitives": [
    {
      "type": "horizon_line",
      "y": 0.799,
      "angle": 0.0,
      "label": "horizon",
      "confidence": 0.95,
      "why": "luminance split / dominant horizontal (gradient)"
    },
    {
      "type": "subject_anchor",
      "x": 0.289,
      "y": 0.833,
      "r": 0.035,
      "label": "saliency",
      "confidence": 0.6,
      "why": "strongest subject signal: saliency"
    }
  ]
}