{
  "version": 1,
  "image": "06-the-bat.jpg",
  "width": 1190,
  "height": 1600,
  "aspect": 0.7438,
  "tonal": {
    "mean": 0.1997082767691505,
    "std": 0.02519017818464836,
    "p05": 0.16862745098039217,
    "p95": 0.24313725490196078,
    "edge_density": 0.0036983615308804206
  },
  "palette": [
    "#2d2c2a",
    "#33312e",
    "#373632",
    "#3d3c38",
    "#4c4b45"
  ],
  "lines": [
    {
      "x1": 0.22864651773981604,
      "y1": 0.4072265625,
      "x2": 0.24967148488830487,
      "y2": 0.3056640625,
      "angle_deg": -81.2538377374448,
      "length": 0.08247574686836377,
      "class": "diagonal"
    }
  ],
  "horizon": {
    "y": 0.1044921875,
    "angle_deg": 0.0,
    "confidence": 0.9572035830126375,
    "method": "gradient"
  },
  "vanishing_point": null,
  "saliency": {
    "peak": [
      0.22207621550591328,
      0.2412109375
    ],
    "regions": [
      {
        "cx": 0.23430721147724898,
        "cy": 0.2764154621800731,
        "x": 0.16031537450722733,
        "y": 0.1875,
        "w": 0.13797634691195795,
        "h": 0.1943359375,
        "area_frac": 0.01754860997043364
      },
      {
        "cx": 0.05595644468611073,
        "cy": 0.716273983776341,
        "x": 0.0,
        "y": 0.677734375,
        "w": 0.13009198423127463,
        "h": 0.0771484375,
        "area_frac": 0.008038354139290407
      },
      {
        "cx": 0.32469239039541276,
        "cy": 0.7604369357098381,
        "x": 0.26018396846254926,
        "y": 0.71484375,
        "w": 0.12220762155059132,
        "h": 0.0859375,
        "area_frac": 0.007213216573587385
      }
    ]
  },
  "faces": [],
  "symmetry": {
    "vertical": 0.650557479700086,
    "vertical_axis_x": 0.4625,
    "horizontal": 0.6696022119550085,
    "horizontal_axis_y": 0.5125
  },
  "subject_anchor": {
    "x": 0.22207621550591328,
    "y": 0.2412109375,
    "source": "saliency"
  },
  "grids": {
    "thirds": 0.18757925027094638,
    "phi": 0.007973599098550098,
    "best": "thirds"
  },
  "suggested_primitives": [
    {
      "type": "horizon_line",
      "y": 0.104,
      "angle": 0.0,
      "label": "horizon",
      "confidence": 0.96,
      "why": "luminance split / dominant horizontal (gradient)"
    },
    {
      "type": "subject_anchor",
      "x": 0.222,
      "y": 0.241,
      "r": 0.035,
      "label": "saliency",
      "confidence": 0.6,
      "why": "strongest subject signal: saliency"
    }
  ]
}