{
  "version": 1,
  "image": "05-spring-showers.jpg",
  "width": 1600,
  "height": 1112,
  "aspect": 1.4388,
  "tonal": {
    "mean": 0.7915026808675298,
    "std": 0.13941233328024577,
    "p05": 0.5294117647058824,
    "p95": 0.9725490196078431,
    "edge_density": 0.00042029272151898736
  },
  "palette": [
    "#e9e1c3",
    "#d7ceb0",
    "#8e8a79",
    "#a8a38f",
    "#fbfbef"
  ],
  "lines": [
    {
      "x1": 0.26171875,
      "y1": 0.7651195499296765,
      "x2": 0.484375,
      "y2": 0.7651195499296765,
      "angle_deg": 0.0,
      "length": 0.1828924534781305,
      "class": "horizontal"
    }
  ],
  "horizon": {
    "y": 0.7651195499296765,
    "angle_deg": 0.0,
    "confidence": 1.0,
    "method": "both"
  },
  "vanishing_point": null,
  "saliency": {
    "peak": [
      0.7421875,
      0.7383966244725738
    ],
    "regions": [
      {
        "cx": 0.7387718208939521,
        "cy": 0.6731222732420523,
        "x": 0.6875,
        "y": 0.49226441631504925,
        "w": 0.109375,
        "h": 0.3234880450070324,
        "area_frac": 0.02284689258087201
      },
      {
        "cx": 0.27758606132925073,
        "cy": 0.7439426549447343,
        "x": 0.2451171875,
        "y": 0.69901547116737,
        "w": 0.0673828125,
        "h": 0.08860759493670886,
        "area_frac": 0.004766064521800281
      }
    ]
  },
  "faces": [],
  "symmetry": {
    "vertical": 0.9835961355955564,
    "vertical_axis_x": 0.5125,
    "horizontal": 0.9839656498277187,
    "horizontal_axis_y": 0.475
  },
  "subject_anchor": {
    "x": 0.7421875,
    "y": 0.7383966244725738,
    "source": "saliency"
  },
  "grids": {
    "thirds": 0.3601413507477397,
    "phi": 0.1002472834093987,
    "best": "thirds"
  },
  "suggested_primitives": [
    {
      "type": "horizon_line",
      "y": 0.765,
      "angle": 0.0,
      "label": "horizon",
      "confidence": 1.0,
      "why": "luminance split / dominant horizontal (both)"
    },
    {
      "type": "symmetry_axis",
      "orientation": "vertical",
      "pos": 0.512,
      "confidence": 0.98,
      "why": "strong left/right mirror correlation"
    },
    {
      "type": "subject_anchor",
      "x": 0.742,
      "y": 0.738,
      "r": 0.035,
      "label": "saliency",
      "confidence": 0.6,
      "why": "strongest subject signal: saliency"
    }
  ]
}