{
  "version": 1,
  "image": "06-execution-rebels-lucknow.jpg",
  "width": 1600,
  "height": 1309,
  "aspect": 1.2223,
  "tonal": {
    "mean": 0.6993628311166163,
    "std": 0.08255018206002003,
    "p05": 0.5294117647058824,
    "p95": 0.7803921568627451,
    "edge_density": 0.0020441308243727596
  },
  "palette": [
    "#d2c397",
    "#bbaa79",
    "#c9ba8d",
    "#ab9868",
    "#8f7c55"
  ],
  "lines": [
    {
      "x1": 0.771484375,
      "y1": 0.6929510155316607,
      "x2": 0.771484375,
      "y2": 0.5925925925925926,
      "angle_deg": -90.0,
      "length": 0.06351354881375376,
      "class": "vertical"
    }
  ],
  "horizon": {
    "y": 0.4826762246117085,
    "angle_deg": 0.0,
    "confidence": 0.9471786508983565,
    "method": "gradient"
  },
  "vanishing_point": null,
  "saliency": {
    "peak": [
      0.1318359375,
      0.5854241338112306
    ],
    "regions": [
      {
        "cx": 0.754310567475206,
        "cy": 0.6092014467820834,
        "x": 0.673828125,
        "y": 0.5209080047789725,
        "w": 0.1708984375,
        "h": 0.1768219832735962,
        "area_frac": 0.022234589680406213
      },
      {
        "cx": 0.13818344177948957,
        "cy": 0.5896707149606158,
        "x": 0.072265625,
        "y": 0.5089605734767025,
        "w": 0.130859375,
        "h": 0.16845878136200718,
        "area_frac": 0.014994959677419355
      }
    ]
  },
  "faces": [],
  "symmetry": {
    "vertical": 0.9123234061821588,
    "vertical_axis_x": 0.475,
    "horizontal": 0.6679572924058179,
    "horizontal_axis_y": 0.375
  },
  "subject_anchor": {
    "x": 0.1318359375,
    "y": 0.5854241338112306,
    "source": "saliency"
  },
  "grids": {
    "thirds": 0.0,
    "phi": 0.07144365421628408,
    "best": "phi"
  },
  "suggested_primitives": [
    {
      "type": "horizon_line",
      "y": 0.483,
      "angle": 0.0,
      "label": "horizon",
      "confidence": 0.95,
      "why": "luminance split / dominant horizontal (gradient)"
    },
    {
      "type": "symmetry_axis",
      "orientation": "vertical",
      "pos": 0.475,
      "confidence": 0.91,
      "why": "strong left/right mirror correlation"
    },
    {
      "type": "subject_anchor",
      "x": 0.132,
      "y": 0.585,
      "r": 0.035,
      "label": "saliency",
      "confidence": 0.6,
      "why": "strongest subject signal: saliency"
    }
  ]
}